{"cameraMode":{"drawMode":0,"name":"Shaded","section":"Shading Mode"},"sceneLighting":false,"audioPlay":false,"sceneViewState":{"showFog":false,"showMaterialUpdate":false,"showSkybox":false,"showFlares":false,"showImageEffects":false,"showParticleSystems":false},"in2DMode":false,"pivot":{"x":0.027876799926161767,"y":0.03555860370397568,"z":0.12999585270881654},"rotation":{"x":0.11753654479980469,"y":-0.8611814379692078,"z":0.23167455196380616,"w":0.4369054436683655},"size":0.5600844621658325,"orthographic":false}