{"cameraMode":{"drawMode":0,"name":"Shaded","section":"Shading Mode"},"sceneLighting":false,"audioPlay":false,"sceneViewState":{"showFog":false,"showMaterialUpdate":false,"showSkybox":false,"showFlares":false,"showImageEffects":false,"showParticleSystems":false},"in2DMode":false,"pivot":{"x":-4.391324996948242,"y":0.0684971809387207,"z":1.577095627784729},"rotation":{"x":0.07789807766675949,"y":-0.9211185574531555,"z":0.29100558161735537,"w":0.2466171383857727},"size":1.8089702129364014,"orthographic":false}