{"cameraMode":{"drawMode":0,"name":"Shaded","section":"Shading Mode"},"sceneLighting":false,"audioPlay":false,"sceneViewState":{"showFog":false,"showMaterialUpdate":false,"showSkybox":false,"showFlares":false,"showImageEffects":false,"showParticleSystems":false},"in2DMode":false,"pivot":{"x":-4.710000038146973,"y":0.09775977581739426,"z":1.184000015258789},"rotation":{"x":0.11537674069404602,"y":-0.7514647245407105,"z":0.13651075959205628,"w":0.6351315379142761},"size":1.8701939582824708,"orthographic":false}