{"cameraMode":{"drawMode":0,"name":"Shaded","section":"Shading Mode"},"sceneLighting":false,"audioPlay":false,"sceneViewState":{"showFog":false,"showMaterialUpdate":false,"showSkybox":false,"showFlares":false,"showImageEffects":false,"showParticleSystems":false},"in2DMode":false,"pivot":{"x":-0.11531171202659607,"y":-1.5733331441879273,"z":0.22724471986293794},"rotation":{"x":0.1529158055782318,"y":-0.21977104246616364,"z":0.034914545714855197,"w":0.962879478931427},"size":0.6893240213394165,"orthographic":false}