{"cameraMode":{"drawMode":0,"name":"Shaded","section":"Shading Mode"},"sceneLighting":false,"audioPlay":false,"sceneViewState":{"showFog":false,"showMaterialUpdate":false,"showSkybox":false,"showFlares":false,"showImageEffects":false,"showParticleSystems":false},"in2DMode":false,"pivot":{"x":0.02899336814880371,"y":0.17925120890140534,"z":-0.013498872518539429},"rotation":{"x":-0.09217780083417893,"y":0.8795920014381409,"z":-0.19023920595645905,"w":-0.42619869112968447},"size":1.3961060047149659,"orthographic":false}