{"cameraMode":{"drawMode":0,"name":"Shaded","section":"Shading Mode"},"sceneLighting":false,"audioPlay":false,"sceneViewState":{"showFog":false,"showMaterialUpdate":false,"showSkybox":false,"showFlares":false,"showImageEffects":false,"showParticleSystems":false},"in2DMode":false,"pivot":{"x":4.01921272277832,"y":0.16082188487052918,"z":-2.0361924171447756},"rotation":{"x":-0.08093149214982987,"y":0.8076220750808716,"z":-0.11417549103498459,"w":-0.5730171203613281},"size":1.6081085205078126,"orthographic":false}