{"cameraMode":{"drawMode":0,"name":"Shaded","section":"Shading Mode"},"sceneLighting":false,"audioPlay":false,"sceneViewState":{"showFog":false,"showMaterialUpdate":false,"showSkybox":false,"showFlares":false,"showImageEffects":false,"showParticleSystems":false},"in2DMode":false,"pivot":{"x":2.5970330238342287,"y":0.06397569179534912,"z":-1.3795924186706544},"rotation":{"x":0.1625744253396988,"y":-0.6701050400733948,"z":0.15409278869628907,"w":0.7077583074569702},"size":0.51955646276474,"orthographic":false}