{"cameraMode":{"drawMode":0,"name":"Shaded","section":"Shading Mode"},"sceneLighting":false,"audioPlay":false,"sceneViewState":{"showFog":false,"showMaterialUpdate":false,"showSkybox":false,"showFlares":false,"showImageEffects":false,"showParticleSystems":false},"in2DMode":false,"pivot":{"x":-0.0030316561460494997,"y":0.00003840029239654541,"z":-0.001308254897594452},"rotation":{"x":0.08976101130247116,"y":-0.6349402666091919,"z":0.07462747395038605,"w":0.7636937499046326},"size":0.5887478590011597,"orthographic":false}