{"cameraMode":{"drawMode":0,"name":"Shaded","section":"Shading Mode"},"sceneLighting":false,"audioPlay":false,"sceneViewState":{"showFog":false,"showMaterialUpdate":false,"showSkybox":false,"showFlares":false,"showImageEffects":false,"showParticleSystems":false},"in2DMode":false,"pivot":{"x":0.15850001573562623,"y":0.12299999594688416,"z":1.058500051498413},"rotation":{"x":0.12483251839876175,"y":-0.7464452981948853,"z":0.14626780152320863,"w":0.6370604038238525},"size":1.695831298828125,"orthographic":false}